imageFilename;1;2;3;4;5;6;7;8;9;10;11;12;13;14;15;16;17;18;19;20;21;22;23;24
D:\10_GitHub\Agroscope\data\00_all\images\img_1000.png;686;1;649;514;0;0;0;0;0;0;0;0;0;0;0;0;0;0;0;0;0;0;0;0
D:\10_GitHub\Agroscope\data\00_all\images\img_1001.png;525;984;778;260;15;380;428;370;759;676;357;517;0;0;0;0;0;0;0;0;0;0;0;0
D:\10_GitHub\Agroscope\data\00_all\images\img_1002.png;566;1;555;441;0;0;0;0;0;0;0;0;0;0;0;0;0;0;0;0;0;0;0;0
D:\10_GitHub\Agroscope\data\00_all\images\img_1003.png;150;560;1425;193;145;649;184;464;112;203;565;176;0;0;0;0;0;0;0;0;0;0;0;0
D:\10_GitHub\Agroscope\data\00_all\images\img_1004.png;347;4;651;564;0;0;0;0;0;0;0;0;0;0;0;0;0;0;0;0;0;0;0;0
D:\10_GitHub\Agroscope\data\00_all\images\img_1005.png;535;95;521;490;0;0;0;0;0;0;0;0;0;0;0;0;0;0;0;0;0;0;0;0
D:\10_GitHub\Agroscope\data\00_all\images\img_1006.png;474;358;268;228;0;0;0;0;0;0;0;0;0;0;0;0;0;0;0;0;0;0;0;0
D:\10_GitHub\Agroscope\data\00_all\images\img_1007.png;986;63;340;299;0;0;0;0;0;0;0;0;0;0;0;0;0;0;0;0;0;0;0;0
D:\10_GitHub\Agroscope\data\00_all\images\img_1008.png;390;112;616;612;0;0;0;0;0;0;0;0;0;0;0;0;0;0;0;0;0;0;0;0
D:\10_GitHub\Agroscope\data\00_all\images\img_1009.png;586;1225;876;221;1;575;329;236;437;465;186;450;0;0;0;0;0;0;0;0;0;0;0;0
D:\10_GitHub\Agroscope\data\00_all\images\img_1010.png;511;1313;1056;284;789;887;307;224;193;308;236;138;0;0;0;0;0;0;0;0;0;0;0;0
D:\10_GitHub\Agroscope\data\00_all\images\img_1011.png;447;190;576;646;0;0;0;0;0;0;0;0;0;0;0;0;0;0;0;0;0;0;0;0
D:\10_GitHub\Agroscope\data\00_all\images\img_1012.png;568;403;439;419;0;0;0;0;0;0;0;0;0;0;0;0;0;0;0;0;0;0;0;0
D:\10_GitHub\Agroscope\data\00_all\images\img_1013.png;464;1;655;566;0;0;0;0;0;0;0;0;0;0;0;0;0;0;0;0;0;0;0;0
D:\10_GitHub\Agroscope\data\00_all\images\img_1014.png;595;283;759;732;0;0;0;0;0;0;0;0;0;0;0;0;0;0;0;0;0;0;0;0
D:\10_GitHub\Agroscope\data\00_all\images\img_1015.png;436;569;208;1;575;518;537;429;0;0;0;0;0;0;0;0;0;0;0;0;0;0;0;0
D:\10_GitHub\Agroscope\data\00_all\images\img_1016.png;531;244;385;396;0;0;0;0;0;0;0;0;0;0;0;0;0;0;0;0;0;0;0;0
D:\10_GitHub\Agroscope\data\00_all\images\img_1017.png;119;11;687;681;0;0;0;0;0;0;0;0;0;0;0;0;0;0;0;0;0;0;0;0
D:\10_GitHub\Agroscope\data\00_all\images\img_1018.png;569;1;14;91;703;392;808;934;0;0;0;0;0;0;0;0;0;0;0;0;0;0;0;0
D:\10_GitHub\Agroscope\data\00_all\images\img_1019.png;618;50;901;1013;367;25;17;187;550;879;196;524;555;600;220;483;0;0;0;0;0;0;0;0
D:\10_GitHub\Agroscope\data\00_all\images\img_1020.png;765;333;174;232;0;0;0;0;0;0;0;0;0;0;0;0;0;0;0;0;0;0;0;0
D:\10_GitHub\Agroscope\data\00_all\images\img_1021.png;563;345;2;40;807;477;777;455;0;0;0;0;0;0;0;0;0;0;0;0;0;0;0;0
D:\10_GitHub\Agroscope\data\00_all\images\img_1022.png;555;990;97;46;640;317;517;207;0;0;0;0;0;0;0;0;0;0;0;0;0;0;0;0
D:\10_GitHub\Agroscope\data\00_all\images\img_1023.png;842;397;294;186;0;0;0;0;0;0;0;0;0;0;0;0;0;0;0;0;0;0;0;0
D:\10_GitHub\Agroscope\data\00_all\images\img_1024.png;577;152;601;629;0;0;0;0;0;0;0;0;0;0;0;0;0;0;0;0;0;0;0;0
D:\10_GitHub\Agroscope\data\00_all\images\img_1025.png;377;201;495;721;0;0;0;0;0;0;0;0;0;0;0;0;0;0;0;0;0;0;0;0
D:\10_GitHub\Agroscope\data\00_all\images\img_1026.png;1257;747;344;355;280;200;212;126;0;0;0;0;0;0;0;0;0;0;0;0;0;0;0;0
D:\10_GitHub\Agroscope\data\00_all\images\img_1027.png;389;112;722;581;0;0;0;0;0;0;0;0;0;0;0;0;0;0;0;0;0;0;0;0
D:\10_GitHub\Agroscope\data\00_all\images\img_1028.png;301;2;726;1112;174;415;345;1;245;54;490;394;499;425;290;583;602;328;668;223;0;0;0;0
D:\10_GitHub\Agroscope\data\00_all\images\img_1029.png;995;85;542;745;0;0;0;0;0;0;0;0;0;0;0;0;0;0;0;0;0;0;0;0
D:\10_GitHub\Agroscope\data\00_all\images\img_1030.png;446;207;597;495;0;0;0;0;0;0;0;0;0;0;0;0;0;0;0;0;0;0;0;0
D:\10_GitHub\Agroscope\data\00_all\images\img_1031.png;666;504;242;278;0;0;0;0;0;0;0;0;0;0;0;0;0;0;0;0;0;0;0;0
D:\10_GitHub\Agroscope\data\00_all\images\img_1032.png;642;321;466;303;0;0;0;0;0;0;0;0;0;0;0;0;0;0;0;0;0;0;0;0
D:\10_GitHub\Agroscope\data\00_all\images\img_1033.png;173;1157;1;361;837;263;369;223;0;0;0;0;0;0;0;0;0;0;0;0;0;0;0;0
D:\10_GitHub\Agroscope\data\00_all\images\img_1034.png;691;1;815;601;0;0;0;0;0;0;0;0;0;0;0;0;0;0;0;0;0;0;0;0
D:\10_GitHub\Agroscope\data\00_all\images\img_1035.png;651;281;240;157;0;0;0;0;0;0;0;0;0;0;0;0;0;0;0;0;0;0;0;0
D:\10_GitHub\Agroscope\data\00_all\images\img_1036.png;669;527;1374;179;3;137;410;244;163;389;199;235;0;0;0;0;0;0;0;0;0;0;0;0
D:\10_GitHub\Agroscope\data\00_all\images\img_1037.png;438;740;130;182;1;1;670;693;374;717;357;259;0;0;0;0;0;0;0;0;0;0;0;0
D:\10_GitHub\Agroscope\data\00_all\images\img_1038.png;137;186;681;684;0;0;0;0;0;0;0;0;0;0;0;0;0;0;0;0;0;0;0;0
D:\10_GitHub\Agroscope\data\00_all\images\img_1039.png;293;1090;471;1;525;447;488;476;0;0;0;0;0;0;0;0;0;0;0;0;0;0;0;0
D:\10_GitHub\Agroscope\data\00_all\images\img_1040.png;555;213;437;529;0;0;0;0;0;0;0;0;0;0;0;0;0;0;0;0;0;0;0;0
D:\10_GitHub\Agroscope\data\00_all\images\img_1041.png;856;78;681;488;0;0;0;0;0;0;0;0;0;0;0;0;0;0;0;0;0;0;0;0
D:\10_GitHub\Agroscope\data\00_all\images\img_1042.png;651;368;54;51;486;496;526;543;0;0;0;0;0;0;0;0;0;0;0;0;0;0;0;0
D:\10_GitHub\Agroscope\data\00_all\images\img_1043.png;55;1085;31;139;889;452;882;603;0;0;0;0;0;0;0;0;0;0;0;0;0;0;0;0
D:\10_GitHub\Agroscope\data\00_all\images\img_1044.png;571;1;714;697;0;0;0;0;0;0;0;0;0;0;0;0;0;0;0;0;0;0;0;0
D:\10_GitHub\Agroscope\data\00_all\images\img_1045.png;0;0;0;0;0;0;0;0;0;0;0;0;0;0;0;0;0;0;0;0;0;0;0;0
D:\10_GitHub\Agroscope\data\00_all\images\img_1046.png;616;159;484;487;0;0;0;0;0;0;0;0;0;0;0;0;0;0;0;0;0;0;0;0
D:\10_GitHub\Agroscope\data\00_all\images\img_1047.png;534;67;527;572;0;0;0;0;0;0;0;0;0;0;0;0;0;0;0;0;0;0;0;0
D:\10_GitHub\Agroscope\data\00_all\images\img_1048.png;352;49;846;500;0;0;0;0;0;0;0;0;0;0;0;0;0;0;0;0;0;0;0;0
D:\10_GitHub\Agroscope\data\00_all\images\img_1049.png;362;1;131;446;673;550;588;561;0;0;0;0;0;0;0;0;0;0;0;0;0;0;0;0
D:\10_GitHub\Agroscope\data\00_all\images\img_1050.png;233;97;491;542;0;0;0;0;0;0;0;0;0;0;0;0;0;0;0;0;0;0;0;0
D:\10_GitHub\Agroscope\data\00_all\images\img_1051.png;352;898;198;32;420;639;373;676;0;0;0;0;0;0;0;0;0;0;0;0;0;0;0;0
D:\10_GitHub\Agroscope\data\00_all\images\img_1052.png;579;237;374;487;0;0;0;0;0;0;0;0;0;0;0;0;0;0;0;0;0;0;0;0
D:\10_GitHub\Agroscope\data\00_all\images\img_1053.png;476;387;514;566;0;0;0;0;0;0;0;0;0;0;0;0;0;0;0;0;0;0;0;0
D:\10_GitHub\Agroscope\data\00_all\images\img_1054.png;550;71;622;648;0;0;0;0;0;0;0;0;0;0;0;0;0;0;0;0;0;0;0;0
D:\10_GitHub\Agroscope\data\00_all\images\img_1055.png;683;309;189;188;0;0;0;0;0;0;0;0;0;0;0;0;0;0;0;0;0;0;0;0
D:\10_GitHub\Agroscope\data\00_all\images\img_1056.png;364;346;457;379;0;0;0;0;0;0;0;0;0;0;0;0;0;0;0;0;0;0;0;0
D:\10_GitHub\Agroscope\data\00_all\images\img_1057.png;626;1;15;1;460;389;579;447;0;0;0;0;0;0;0;0;0;0;0;0;0;0;0;0
D:\10_GitHub\Agroscope\data\00_all\images\img_1058.png;1028;596;630;313;386;495;342;608;0;0;0;0;0;0;0;0;0;0;0;0;0;0;0;0
D:\10_GitHub\Agroscope\data\00_all\images\img_1059.png;454;180;614;537;0;0;0;0;0;0;0;0;0;0;0;0;0;0;0;0;0;0;0;0
D:\10_GitHub\Agroscope\data\00_all\images\img_1060.png;525;319;360;355;0;0;0;0;0;0;0;0;0;0;0;0;0;0;0;0;0;0;0;0
D:\10_GitHub\Agroscope\data\00_all\images\img_1061.png;543;466;400;359;0;0;0;0;0;0;0;0;0;0;0;0;0;0;0;0;0;0;0;0
D:\10_GitHub\Agroscope\data\00_all\images\img_1062.png;121;1308;113;289;710;229;652;357;0;0;0;0;0;0;0;0;0;0;0;0;0;0;0;0
D:\10_GitHub\Agroscope\data\00_all\images\img_1063.png;575;306;567;283;0;0;0;0;0;0;0;0;0;0;0;0;0;0;0;0;0;0;0;0
D:\10_GitHub\Agroscope\data\00_all\images\img_1064.png;424;249;549;402;0;0;0;0;0;0;0;0;0;0;0;0;0;0;0;0;0;0;0;0
D:\10_GitHub\Agroscope\data\00_all\images\img_1065.png;500;107;429;533;0;0;0;0;0;0;0;0;0;0;0;0;0;0;0;0;0;0;0;0
D:\10_GitHub\Agroscope\data\00_all\images\img_1066.png;264;80;452;551;0;0;0;0;0;0;0;0;0;0;0;0;0;0;0;0;0;0;0;0
D:\10_GitHub\Agroscope\data\00_all\images\img_1067.png;448;30;471;567;0;0;0;0;0;0;0;0;0;0;0;0;0;0;0;0;0;0;0;0
D:\10_GitHub\Agroscope\data\00_all\images\img_1068.png;0;0;0;0;0;0;0;0;0;0;0;0;0;0;0;0;0;0;0;0;0;0;0;0
D:\10_GitHub\Agroscope\data\00_all\images\img_1069.png;440;216;569;457;0;0;0;0;0;0;0;0;0;0;0;0;0;0;0;0;0;0;0;0
D:\10_GitHub\Agroscope\data\00_all\images\img_1070.png;381;10;504;746;0;0;0;0;0;0;0;0;0;0;0;0;0;0;0;0;0;0;0;0
D:\10_GitHub\Agroscope\data\00_all\images\img_1071.png;139;114;774;732;0;0;0;0;0;0;0;0;0;0;0;0;0;0;0;0;0;0;0;0
D:\10_GitHub\Agroscope\data\00_all\images\img_1072.png;404;168;694;469;0;0;0;0;0;0;0;0;0;0;0;0;0;0;0;0;0;0;0;0
D:\10_GitHub\Agroscope\data\00_all\images\img_1073.png;484;219;642;602;0;0;0;0;0;0;0;0;0;0;0;0;0;0;0;0;0;0;0;0
D:\10_GitHub\Agroscope\data\00_all\images\img_1074.png;721;247;265;424;0;0;0;0;0;0;0;0;0;0;0;0;0;0;0;0;0;0;0;0
D:\10_GitHub\Agroscope\data\00_all\images\img_1075.png;375;884;178;220;390;638;387;533;0;0;0;0;0;0;0;0;0;0;0;0;0;0;0;0
D:\10_GitHub\Agroscope\data\00_all\images\img_1076.png;391;243;934;744;0;0;0;0;0;0;0;0;0;0;0;0;0;0;0;0;0;0;0;0
D:\10_GitHub\Agroscope\data\00_all\images\img_1077.png;642;277;282;180;0;0;0;0;0;0;0;0;0;0;0;0;0;0;0;0;0;0;0;0
D:\10_GitHub\Agroscope\data\00_all\images\img_1078.png;492;307;680;590;0;0;0;0;0;0;0;0;0;0;0;0;0;0;0;0;0;0;0;0
D:\10_GitHub\Agroscope\data\00_all\images\img_1079.png;429;101;501;529;0;0;0;0;0;0;0;0;0;0;0;0;0;0;0;0;0;0;0;0
D:\10_GitHub\Agroscope\data\00_all\images\img_1080.png;726;215;446;501;0;0;0;0;0;0;0;0;0;0;0;0;0;0;0;0;0;0;0;0
D:\10_GitHub\Agroscope\data\00_all\images\img_1081.png;696;307;253;443;0;0;0;0;0;0;0;0;0;0;0;0;0;0;0;0;0;0;0;0
D:\10_GitHub\Agroscope\data\00_all\images\img_1082.png;390;224;540;421;0;0;0;0;0;0;0;0;0;0;0;0;0;0;0;0;0;0;0;0
D:\10_GitHub\Agroscope\data\00_all\images\img_1083.png;1277;1239;226;40;121;100;154;145;0;0;0;0;0;0;0;0;0;0;0;0;0;0;0;0
D:\10_GitHub\Agroscope\data\00_all\images\img_1084.png;375;8;669;665;0;0;0;0;0;0;0;0;0;0;0;0;0;0;0;0;0;0;0;0
D:\10_GitHub\Agroscope\data\00_all\images\img_1085.png;546;243;420;473;0;0;0;0;0;0;0;0;0;0;0;0;0;0;0;0;0;0;0;0
D:\10_GitHub\Agroscope\data\00_all\images\img_1086.png;586;56;278;376;0;0;0;0;0;0;0;0;0;0;0;0;0;0;0;0;0;0;0;0
D:\10_GitHub\Agroscope\data\00_all\images\img_1087.png;656;216;251;369;0;0;0;0;0;0;0;0;0;0;0;0;0;0;0;0;0;0;0;0
D:\10_GitHub\Agroscope\data\00_all\images\img_1088.png;397;250;490;489;0;0;0;0;0;0;0;0;0;0;0;0;0;0;0;0;0;0;0;0
D:\10_GitHub\Agroscope\data\00_all\images\img_1089.png;549;1;845;890;0;0;0;0;0;0;0;0;0;0;0;0;0;0;0;0;0;0;0;0
D:\10_GitHub\Agroscope\data\00_all\images\img_1090.png;722;283;183;245;0;0;0;0;0;0;0;0;0;0;0;0;0;0;0;0;0;0;0;0
D:\10_GitHub\Agroscope\data\00_all\images\img_1091.png;522;73;380;635;0;0;0;0;0;0;0;0;0;0;0;0;0;0;0;0;0;0;0;0
D:\10_GitHub\Agroscope\data\00_all\images\img_1092.png;478;55;624;728;0;0;0;0;0;0;0;0;0;0;0;0;0;0;0;0;0;0;0;0
D:\10_GitHub\Agroscope\data\00_all\images\img_1093.png;461;287;493;463;0;0;0;0;0;0;0;0;0;0;0;0;0;0;0;0;0;0;0;0
D:\10_GitHub\Agroscope\data\00_all\images\img_1094.png;434;322;646;414;0;0;0;0;0;0;0;0;0;0;0;0;0;0;0;0;0;0;0;0
D:\10_GitHub\Agroscope\data\00_all\images\img_1095.png;700;288;522;660;0;0;0;0;0;0;0;0;0;0;0;0;0;0;0;0;0;0;0;0
D:\10_GitHub\Agroscope\data\00_all\images\img_1096.png;0;0;0;0;0;0;0;0;0;0;0;0;0;0;0;0;0;0;0;0;0;0;0;0
D:\10_GitHub\Agroscope\data\00_all\images\img_1097.png;446;333;534;661;0;0;0;0;0;0;0;0;0;0;0;0;0;0;0;0;0;0;0;0
D:\10_GitHub\Agroscope\data\00_all\images\img_1098.png;275;59;961;874;0;0;0;0;0;0;0;0;0;0;0;0;0;0;0;0;0;0;0;0
D:\10_GitHub\Agroscope\data\00_all\images\img_1099.png;540;94;605;579;0;0;0;0;0;0;0;0;0;0;0;0;0;0;0;0;0;0;0;0
D:\10_GitHub\Agroscope\data\00_all\images\img_1100.png;464;1;944;907;0;0;0;0;0;0;0;0;0;0;0;0;0;0;0;0;0;0;0;0
D:\10_GitHub\Agroscope\data\00_all\images\img_1101.png;0;0;0;0;0;0;0;0;0;0;0;0;0;0;0;0;0;0;0;0;0;0;0;0
D:\10_GitHub\Agroscope\data\00_all\images\img_1102.png;539;1;699;721;0;0;0;0;0;0;0;0;0;0;0;0;0;0;0;0;0;0;0;0
D:\10_GitHub\Agroscope\data\00_all\images\img_1103.png;606;19;532;530;0;0;0;0;0;0;0;0;0;0;0;0;0;0;0;0;0;0;0;0
D:\10_GitHub\Agroscope\data\00_all\images\img_1104.png;594;805;386;154;365;327;390;322;0;0;0;0;0;0;0;0;0;0;0;0;0;0;0;0
D:\10_GitHub\Agroscope\data\00_all\images\img_1105.png;147;734;44;334;431;389;340;411;0;0;0;0;0;0;0;0;0;0;0;0;0;0;0;0
D:\10_GitHub\Agroscope\data\00_all\images\img_1106.png;327;154;649;258;1080;795;515;222;40;858;343;337;321;348;304;230;280;281;192;167;0;0;0;0
D:\10_GitHub\Agroscope\data\00_all\images\img_1107.png;630;352;284;259;0;0;0;0;0;0;0;0;0;0;0;0;0;0;0;0;0;0;0;0
D:\10_GitHub\Agroscope\data\00_all\images\img_1108.png;508;379;423;465;0;0;0;0;0;0;0;0;0;0;0;0;0;0;0;0;0;0;0;0
D:\10_GitHub\Agroscope\data\00_all\images\img_1109.png;256;407;790;1092;1221;772;639;335;267;157;508;500;256;215;199;230;148;175;208;232;160;138;214;117
D:\10_GitHub\Agroscope\data\00_all\images\img_1110.png;597;221;499;410;0;0;0;0;0;0;0;0;0;0;0;0;0;0;0;0;0;0;0;0
D:\10_GitHub\Agroscope\data\00_all\images\img_1111.png;606;1126;652;347;226;1;283;196;222;245;161;105;0;0;0;0;0;0;0;0;0;0;0;0
D:\10_GitHub\Agroscope\data\00_all\images\img_1112.png;551;1125;1178;434;374;50;245;263;190;271;246;211;0;0;0;0;0;0;0;0;0;0;0;0
D:\10_GitHub\Agroscope\data\00_all\images\img_1113.png;168;616;437;504;307;487;462;320;0;0;0;0;0;0;0;0;0;0;0;0;0;0;0;0
D:\10_GitHub\Agroscope\data\00_all\images\img_1114.png;141;398;949;930;586;353;170;674;453;425;285;284;429;248;324;238;0;0;0;0;0;0;0;0
D:\10_GitHub\Agroscope\data\00_all\images\img_1115.png;681;1146;353;417;328;391;440;298;0;0;0;0;0;0;0;0;0;0;0;0;0;0;0;0
D:\10_GitHub\Agroscope\data\00_all\images\img_1116.png;566;1152;724;2;500;384;371;221;191;279;368;167;0;0;0;0;0;0;0;0;0;0;0;0
D:\10_GitHub\Agroscope\data\00_all\images\img_1117.png;697;294;267;151;234;187;397;182;0;0;0;0;0;0;0;0;0;0;0;0;0;0;0;0
D:\10_GitHub\Agroscope\data\00_all\images\img_1118.png;622;942;834;130;1;852;438;360;344;402;190;173;0;0;0;0;0;0;0;0;0;0;0;0
D:\10_GitHub\Agroscope\data\00_all\images\img_1119.png;43;629;383;309;315;314;219;226;0;0;0;0;0;0;0;0;0;0;0;0;0;0;0;0
D:\10_GitHub\Agroscope\data\00_all\images\img_1120.png;360;708;417;297;0;0;0;0;0;0;0;0;0;0;0;0;0;0;0;0;0;0;0;0
D:\10_GitHub\Agroscope\data\00_all\images\img_1121.png;722;31;357;435;0;0;0;0;0;0;0;0;0;0;0;0;0;0;0;0;0;0;0;0
D:\10_GitHub\Agroscope\data\00_all\images\img_1122.png;633;1297;270;329;359;224;248;215;0;0;0;0;0;0;0;0;0;0;0;0;0;0;0;0
D:\10_GitHub\Agroscope\data\00_all\images\img_1123.png;611;187;372;430;0;0;0;0;0;0;0;0;0;0;0;0;0;0;0;0;0;0;0;0
D:\10_GitHub\Agroscope\data\00_all\images\img_1124.png;545;214;466;325;0;0;0;0;0;0;0;0;0;0;0;0;0;0;0;0;0;0;0;0
D:\10_GitHub\Agroscope\data\00_all\images\img_1125.png;592;321;390;898;374;261;359;127;0;0;0;0;0;0;0;0;0;0;0;0;0;0;0;0
D:\10_GitHub\Agroscope\data\00_all\images\img_1126.png;551;221;370;369;0;0;0;0;0;0;0;0;0;0;0;0;0;0;0;0;0;0;0;0
D:\10_GitHub\Agroscope\data\00_all\images\img_1127.png;525;523;22;430;104;568;285;230;213;257;203;266;0;0;0;0;0;0;0;0;0;0;0;0
D:\10_GitHub\Agroscope\data\00_all\images\img_1128.png;511;231;568;569;0;0;0;0;0;0;0;0;0;0;0;0;0;0;0;0;0;0;0;0
D:\10_GitHub\Agroscope\data\00_all\images\img_1129.png;637;1117;393;5;385;371;464;281;0;0;0;0;0;0;0;0;0;0;0;0;0;0;0;0
D:\10_GitHub\Agroscope\data\00_all\images\img_1130.png;264;1043;698;397;196;324;401;121;245;391;170;230;0;0;0;0;0;0;0;0;0;0;0;0
D:\10_GitHub\Agroscope\data\00_all\images\img_1131.png;624;279;277;272;0;0;0;0;0;0;0;0;0;0;0;0;0;0;0;0;0;0;0;0
D:\10_GitHub\Agroscope\data\00_all\images\img_1132.png;616;466;354;305;0;0;0;0;0;0;0;0;0;0;0;0;0;0;0;0;0;0;0;0
D:\10_GitHub\Agroscope\data\00_all\images\img_1133.png;648;1202;355;100;291;335;321;449;0;0;0;0;0;0;0;0;0;0;0;0;0;0;0;0
D:\10_GitHub\Agroscope\data\00_all\images\img_1134.png;675;344;205;230;0;0;0;0;0;0;0;0;0;0;0;0;0;0;0;0;0;0;0;0
D:\10_GitHub\Agroscope\data\00_all\images\img_1135.png;511;369;426;351;0;0;0;0;0;0;0;0;0;0;0;0;0;0;0;0;0;0;0;0
D:\10_GitHub\Agroscope\data\00_all\images\img_1136.png;516;190;658;464;0;0;0;0;0;0;0;0;0;0;0;0;0;0;0;0;0;0;0;0
D:\10_GitHub\Agroscope\data\00_all\images\img_1137.png;624;1054;1337;1070;260;193;104;822;402;220;146;196;366;193;140;203;0;0;0;0;0;0;0;0
D:\10_GitHub\Agroscope\data\00_all\images\img_1138.png;641;1043;1;241;816;573;337;276;298;265;209;152;0;0;0;0;0;0;0;0;0;0;0;0
D:\10_GitHub\Agroscope\data\00_all\images\img_1139.png;649;269;153;825;231;327;368;200;0;0;0;0;0;0;0;0;0;0;0;0;0;0;0;0
D:\10_GitHub\Agroscope\data\00_all\images\img_1140.png;529;267;378;378;0;0;0;0;0;0;0;0;0;0;0;0;0;0;0;0;0;0;0;0
D:\10_GitHub\Agroscope\data\00_all\images\img_1141.png;852;535;1;50;187;328;248;294;243;262;308;272;0;0;0;0;0;0;0;0;0;0;0;0
D:\10_GitHub\Agroscope\data\00_all\images\img_1142.png;544;910;227;203;367;1;334;255;254;262;241;139;0;0;0;0;0;0;0;0;0;0;0;0
D:\10_GitHub\Agroscope\data\00_all\images\img_1143.png;693;224;369;405;0;0;0;0;0;0;0;0;0;0;0;0;0;0;0;0;0;0;0;0
D:\10_GitHub\Agroscope\data\00_all\images\img_1144.png;716;269;278;465;0;0;0;0;0;0;0;0;0;0;0;0;0;0;0;0;0;0;0;0
D:\10_GitHub\Agroscope\data\00_all\images\img_1145.png;740;290;332;458;0;0;0;0;0;0;0;0;0;0;0;0;0;0;0;0;0;0;0;0
D:\10_GitHub\Agroscope\data\00_all\images\img_1146.png;23;302;609;1061;654;978;777;522;704;807;455;393;293;159;138;153;192;239;233;195;112;193;194;144
D:\10_GitHub\Agroscope\data\00_all\images\img_1147.png;635;1297;134;543;450;240;443;353;0;0;0;0;0;0;0;0;0;0;0;0;0;0;0;0
D:\10_GitHub\Agroscope\data\00_all\images\img_1148.png;1240;612;380;470;181;257;266;176;0;0;0;0;0;0;0;0;0;0;0;0;0;0;0;0
D:\10_GitHub\Agroscope\data\00_all\images\img_1149.png;573;1098;230;3;466;210;485;258;0;0;0;0;0;0;0;0;0;0;0;0;0;0;0;0
D:\10_GitHub\Agroscope\data\00_all\images\img_1150.png;730;1112;215;646;268;396;334;324;0;0;0;0;0;0;0;0;0;0;0;0;0;0;0;0
D:\10_GitHub\Agroscope\data\00_all\images\img_1151.png;605;338;367;314;0;0;0;0;0;0;0;0;0;0;0;0;0;0;0;0;0;0;0;0
D:\10_GitHub\Agroscope\data\00_all\images\img_1152.png;531;665;378;793;410;321;373;162;241;232;182;168;0;0;0;0;0;0;0;0;0;0;0;0
D:\10_GitHub\Agroscope\data\00_all\images\img_1153.png;179;699;1;301;257;175;355;249;0;0;0;0;0;0;0;0;0;0;0;0;0;0;0;0
D:\10_GitHub\Agroscope\data\00_all\images\img_1154.png;592;42;203;619;397;390;460;341;0;0;0;0;0;0;0;0;0;0;0;0;0;0;0;0
D:\10_GitHub\Agroscope\data\00_all\images\img_1155.png;602;270;527;273;0;0;0;0;0;0;0;0;0;0;0;0;0;0;0;0;0;0;0;0
D:\10_GitHub\Agroscope\data\00_all\images\img_1156.png;745;131;1027;214;1;822;347;498;304;317;190;183;0;0;0;0;0;0;0;0;0;0;0;0
D:\10_GitHub\Agroscope\data\00_all\images\img_1157.png;787;317;415;273;0;0;0;0;0;0;0;0;0;0;0;0;0;0;0;0;0;0;0;0
D:\10_GitHub\Agroscope\data\00_all\images\img_1158.png;691;1268;315;252;194;269;210;132;0;0;0;0;0;0;0;0;0;0;0;0;0;0;0;0
D:\10_GitHub\Agroscope\data\00_all\images\img_1159.png;504;419;631;403;0;0;0;0;0;0;0;0;0;0;0;0;0;0;0;0;0;0;0;0
D:\10_GitHub\Agroscope\data\00_all\images\img_1160.png;340;414;400;362;0;0;0;0;0;0;0;0;0;0;0;0;0;0;0;0;0;0;0;0
D:\10_GitHub\Agroscope\data\00_all\images\img_1161.png;561;243;279;382;0;0;0;0;0;0;0;0;0;0;0;0;0;0;0;0;0;0;0;0
D:\10_GitHub\Agroscope\data\00_all\images\img_1162.png;419;203;682;607;0;0;0;0;0;0;0;0;0;0;0;0;0;0;0;0;0;0;0;0
D:\10_GitHub\Agroscope\data\00_all\images\img_1163.png;500;266;492;415;0;0;0;0;0;0;0;0;0;0;0;0;0;0;0;0;0;0;0;0
D:\10_GitHub\Agroscope\data\00_all\images\img_1164.png;1159;254;301;340;0;0;0;0;0;0;0;0;0;0;0;0;0;0;0;0;0;0;0;0
D:\10_GitHub\Agroscope\data\00_all\images\img_1165.png;410;305;560;529;0;0;0;0;0;0;0;0;0;0;0;0;0;0;0;0;0;0;0;0
D:\10_GitHub\Agroscope\data\00_all\images\img_1166.png;542;1035;528;158;173;339;157;362;0;0;0;0;0;0;0;0;0;0;0;0;0;0;0;0
D:\10_GitHub\Agroscope\data\00_all\images\img_1167.png;566;299;558;365;0;0;0;0;0;0;0;0;0;0;0;0;0;0;0;0;0;0;0;0
D:\10_GitHub\Agroscope\data\00_all\images\img_1168.png;590;364;408;412;0;0;0;0;0;0;0;0;0;0;0;0;0;0;0;0;0;0;0;0
D:\10_GitHub\Agroscope\data\00_all\images\img_1169.png;703;259;393;354;0;0;0;0;0;0;0;0;0;0;0;0;0;0;0;0;0;0;0;0
D:\10_GitHub\Agroscope\data\00_all\images\img_1170.png;584;209;426;339;0;0;0;0;0;0;0;0;0;0;0;0;0;0;0;0;0;0;0;0
D:\10_GitHub\Agroscope\data\00_all\images\img_1171.png;774;271;568;480;0;0;0;0;0;0;0;0;0;0;0;0;0;0;0;0;0;0;0;0
D:\10_GitHub\Agroscope\data\00_all\images\img_1172.png;543;188;467;657;0;0;0;0;0;0;0;0;0;0;0;0;0;0;0;0;0;0;0;0
D:\10_GitHub\Agroscope\data\00_all\images\img_1173.png;544;1;723;536;0;0;0;0;0;0;0;0;0;0;0;0;0;0;0;0;0;0;0;0
D:\10_GitHub\Agroscope\data\00_all\images\img_1174.png;637;231;129;298;1;482;306;450;216;178;281;220;0;0;0;0;0;0;0;0;0;0;0;0
D:\10_GitHub\Agroscope\data\00_all\images\img_1175.png;641;209;319;210;0;0;0;0;0;0;0;0;0;0;0;0;0;0;0;0;0;0;0;0
D:\10_GitHub\Agroscope\data\00_all\images\img_1176.png;568;222;415;588;0;0;0;0;0;0;0;0;0;0;0;0;0;0;0;0;0;0;0;0
D:\10_GitHub\Agroscope\data\00_all\images\img_1177.png;748;121;285;524;0;0;0;0;0;0;0;0;0;0;0;0;0;0;0;0;0;0;0;0
D:\10_GitHub\Agroscope\data\00_all\images\img_1178.png;468;349;445;424;0;0;0;0;0;0;0;0;0;0;0;0;0;0;0;0;0;0;0;0
D:\10_GitHub\Agroscope\data\00_all\images\img_1179.png;683;1290;307;823;349;247;436;202;0;0;0;0;0;0;0;0;0;0;0;0;0;0;0;0
D:\10_GitHub\Agroscope\data\00_all\images\img_1180.png;557;378;345;336;0;0;0;0;0;0;0;0;0;0;0;0;0;0;0;0;0;0;0;0
D:\10_GitHub\Agroscope\data\00_all\images\img_1181.png;755;164;213;611;474;318;359;285;0;0;0;0;0;0;0;0;0;0;0;0;0;0;0;0
D:\10_GitHub\Agroscope\data\00_all\images\img_1182.png;292;1180;265;100;538;184;582;280;0;0;0;0;0;0;0;0;0;0;0;0;0;0;0;0
D:\10_GitHub\Agroscope\data\00_all\images\img_1183.png;751;326;440;351;0;0;0;0;0;0;0;0;0;0;0;0;0;0;0;0;0;0;0;0
D:\10_GitHub\Agroscope\data\00_all\images\img_1184.png;410;277;415;477;0;0;0;0;0;0;0;0;0;0;0;0;0;0;0;0;0;0;0;0
D:\10_GitHub\Agroscope\data\00_all\images\img_1185.png;691;170;612;621;0;0;0;0;0;0;0;0;0;0;0;0;0;0;0;0;0;0;0;0
D:\10_GitHub\Agroscope\data\00_all\images\img_1186.png;267;1;534;710;0;0;0;0;0;0;0;0;0;0;0;0;0;0;0;0;0;0;0;0
D:\10_GitHub\Agroscope\data\00_all\images\img_1187.png;425;248;575;582;0;0;0;0;0;0;0;0;0;0;0;0;0;0;0;0;0;0;0;0
D:\10_GitHub\Agroscope\data\00_all\images\img_1188.png;924;1068;670;264;880;364;470;268;316;506;145;289;0;0;0;0;0;0;0;0;0;0;0;0
D:\10_GitHub\Agroscope\data\00_all\images\img_1189.png;51;515;156;199;0;0;0;0;0;0;0;0;0;0;0;0;0;0;0;0;0;0;0;0
D:\10_GitHub\Agroscope\data\00_all\images\img_1190.png;744;277;185;149;0;0;0;0;0;0;0;0;0;0;0;0;0;0;0;0;0;0;0;0
D:\10_GitHub\Agroscope\data\00_all\images\img_1191.png;550;330;315;333;0;0;0;0;0;0;0;0;0;0;0;0;0;0;0;0;0;0;0;0
D:\10_GitHub\Agroscope\data\00_all\images\img_1192.png;529;373;343;342;0;0;0;0;0;0;0;0;0;0;0;0;0;0;0;0;0;0;0;0
D:\10_GitHub\Agroscope\data\00_all\images\img_1193.png;680;1;1;427;261;818;386;253;356;293;221;207;0;0;0;0;0;0;0;0;0;0;0;0
D:\10_GitHub\Agroscope\data\00_all\images\img_1194.png;532;276;471;451;0;0;0;0;0;0;0;0;0;0;0;0;0;0;0;0;0;0;0;0
D:\10_GitHub\Agroscope\data\00_all\images\img_1195.png;435;1050;19;392;534;355;371;330;0;0;0;0;0;0;0;0;0;0;0;0;0;0;0;0
D:\10_GitHub\Agroscope\data\00_all\images\img_1196.png;748;288;443;268;0;0;0;0;0;0;0;0;0;0;0;0;0;0;0;0;0;0;0;0
D:\10_GitHub\Agroscope\data\00_all\images\img_1197.png;582;233;531;350;0;0;0;0;0;0;0;0;0;0;0;0;0;0;0;0;0;0;0;0
D:\10_GitHub\Agroscope\data\00_all\images\img_1198.png;1;756;625;227;450;209;363;290;0;0;0;0;0;0;0;0;0;0;0;0;0;0;0;0
D:\10_GitHub\Agroscope\data\00_all\images\img_1199.png;487;995;1300;148;318;33;479;148;150;367;216;165;0;0;0;0;0;0;0;0;0;0;0;0
D:\10_GitHub\Agroscope\data\00_all\images\img_1200.png;703;199;193;174;0;0;0;0;0;0;0;0;0;0;0;0;0;0;0;0;0;0;0;0
D:\10_GitHub\Agroscope\data\00_all\images\img_1201.png;648;188;323;404;0;0;0;0;0;0;0;0;0;0;0;0;0;0;0;0;0;0;0;0
D:\10_GitHub\Agroscope\data\00_all\images\img_1202.png;594;393;410;306;0;0;0;0;0;0;0;0;0;0;0;0;0;0;0;0;0;0;0;0
D:\10_GitHub\Agroscope\data\00_all\images\img_1203.png;374;279;515;453;0;0;0;0;0;0;0;0;0;0;0;0;0;0;0;0;0;0;0;0
D:\10_GitHub\Agroscope\data\00_all\images\img_1204.png;602;370;336;381;0;0;0;0;0;0;0;0;0;0;0;0;0;0;0;0;0;0;0;0
D:\10_GitHub\Agroscope\data\00_all\images\img_1205.png;702;315;402;372;0;0;0;0;0;0;0;0;0;0;0;0;0;0;0;0;0;0;0;0
D:\10_GitHub\Agroscope\data\00_all\images\img_1206.png;476;182;730;481;0;0;0;0;0;0;0;0;0;0;0;0;0;0;0;0;0;0;0;0
D:\10_GitHub\Agroscope\data\00_all\images\img_1207.png;649;333;346;286;0;0;0;0;0;0;0;0;0;0;0;0;0;0;0;0;0;0;0;0
D:\10_GitHub\Agroscope\data\00_all\images\img_1208.png;813;154;433;358;0;0;0;0;0;0;0;0;0;0;0;0;0;0;0;0;0;0;0;0
D:\10_GitHub\Agroscope\data\00_all\images\img_1209.png;413;134;187;448;602;370;478;386;0;0;0;0;0;0;0;0;0;0;0;0;0;0;0;0
D:\10_GitHub\Agroscope\data\00_all\images\img_1210.png;669;568;1;233;526;500;257;198;141;284;153;312;0;0;0;0;0;0;0;0;0;0;0;0
D:\10_GitHub\Agroscope\data\00_all\images\img_1211.png;733;759;261;569;263;253;285;218;0;0;0;0;0;0;0;0;0;0;0;0;0;0;0;0
D:\10_GitHub\Agroscope\data\00_all\images\img_1212.png;665;929;256;1;373;302;273;179;0;0;0;0;0;0;0;0;0;0;0;0;0;0;0;0
D:\10_GitHub\Agroscope\data\00_all\images\img_1213.png;734;212;375;419;0;0;0;0;0;0;0;0;0;0;0;0;0;0;0;0;0;0;0;0
D:\10_GitHub\Agroscope\data\00_all\images\img_1214.png;374;108;760;495;0;0;0;0;0;0;0;0;0;0;0;0;0;0;0;0;0;0;0;0
D:\10_GitHub\Agroscope\data\00_all\images\img_1215.png;489;131;736;635;0;0;0;0;0;0;0;0;0;0;0;0;0;0;0;0;0;0;0;0
D:\10_GitHub\Agroscope\data\00_all\images\img_1216.png;13;556;1023;119;101;1;567;309;311;477;585;312;0;0;0;0;0;0;0;0;0;0;0;0
D:\10_GitHub\Agroscope\data\00_all\images\img_1217.png;228;272;293;246;0;0;0;0;0;0;0;0;0;0;0;0;0;0;0;0;0;0;0;0
D:\10_GitHub\Agroscope\data\00_all\images\img_1218.png;776;187;229;414;0;0;0;0;0;0;0;0;0;0;0;0;0;0;0;0;0;0;0;0
D:\10_GitHub\Agroscope\data\00_all\images\img_1219.png;511;225;494;489;0;0;0;0;0;0;0;0;0;0;0;0;0;0;0;0;0;0;0;0
D:\10_GitHub\Agroscope\data\00_all\images\img_1220.png;514;93;549;531;0;0;0;0;0;0;0;0;0;0;0;0;0;0;0;0;0;0;0;0
D:\10_GitHub\Agroscope\data\00_all\images\img_1221.png;737;1211;135;290;287;326;399;472;0;0;0;0;0;0;0;0;0;0;0;0;0;0;0;0
D:\10_GitHub\Agroscope\data\00_all\images\img_1222.png;580;1260;302;571;412;277;310;297;0;0;0;0;0;0;0;0;0;0;0;0;0;0;0;0
D:\10_GitHub\Agroscope\data\00_all\images\img_1223.png;239;654;713;113;372;450;312;479;0;0;0;0;0;0;0;0;0;0;0;0;0;0;0;0
D:\10_GitHub\Agroscope\data\00_all\images\img_1224.png;910;273;293;1;390;458;336;192;0;0;0;0;0;0;0;0;0;0;0;0;0;0;0;0
D:\10_GitHub\Agroscope\data\00_all\images\img_1225.png;520;163;550;485;0;0;0;0;0;0;0;0;0;0;0;0;0;0;0;0;0;0;0;0
D:\10_GitHub\Agroscope\data\00_all\images\img_1226.png;554;777;369;1;606;270;522;169;0;0;0;0;0;0;0;0;0;0;0;0;0;0;0;0
D:\10_GitHub\Agroscope\data\00_all\images\img_1227.png;647;84;356;415;0;0;0;0;0;0;0;0;0;0;0;0;0;0;0;0;0;0;0;0
D:\10_GitHub\Agroscope\data\00_all\images\img_1228.png;452;835;896;669;261;242;129;240;0;0;0;0;0;0;0;0;0;0;0;0;0;0;0;0
D:\10_GitHub\Agroscope\data\00_all\images\img_1229.png;732;256;364;252;0;0;0;0;0;0;0;0;0;0;0;0;0;0;0;0;0;0;0;0
D:\10_GitHub\Agroscope\data\00_all\images\img_1230.png;749;1268;102;682;331;240;516;268;0;0;0;0;0;0;0;0;0;0;0;0;0;0;0;0
D:\10_GitHub\Agroscope\data\00_all\images\img_1231.png;647;300;215;42;402;176;493;341;0;0;0;0;0;0;0;0;0;0;0;0;0;0;0;0
D:\10_GitHub\Agroscope\data\00_all\images\img_1232.png;628;315;309;330;0;0;0;0;0;0;0;0;0;0;0;0;0;0;0;0;0;0;0;0
D:\10_GitHub\Agroscope\data\00_all\images\img_1233.png;504;117;465;411;0;0;0;0;0;0;0;0;0;0;0;0;0;0;0;0;0;0;0;0
D:\10_GitHub\Agroscope\data\00_all\images\img_1234.png;590;290;373;336;0;0;0;0;0;0;0;0;0;0;0;0;0;0;0;0;0;0;0;0
D:\10_GitHub\Agroscope\data\00_all\images\img_1235.png;721;1165;8;765;388;372;469;260;0;0;0;0;0;0;0;0;0;0;0;0;0;0;0;0
D:\10_GitHub\Agroscope\data\00_all\images\img_1236.png;518;1;1;37;705;3;557;377;181;537;320;414;0;0;0;0;0;0;0;0;0;0;0;0
D:\10_GitHub\Agroscope\data\00_all\images\img_1237.png;482;522;105;235;1;764;500;417;421;467;183;261;0;0;0;0;0;0;0;0;0;0;0;0
D:\10_GitHub\Agroscope\data\00_all\images\img_1238.png;725;201;324;356;0;0;0;0;0;0;0;0;0;0;0;0;0;0;0;0;0;0;0;0
D:\10_GitHub\Agroscope\data\00_all\images\img_1239.png;577;1282;548;82;455;728;577;255;547;623;330;297;0;0;0;0;0;0;0;0;0;0;0;0
D:\10_GitHub\Agroscope\data\00_all\images\img_1240.png;459;1183;230;180;484;354;565;292;0;0;0;0;0;0;0;0;0;0;0;0;0;0;0;0
D:\10_GitHub\Agroscope\data\00_all\images\img_1241.png;577;82;498;517;0;0;0;0;0;0;0;0;0;0;0;0;0;0;0;0;0;0;0;0
D:\10_GitHub\Agroscope\data\00_all\images\img_1242.png;853;1;525;1163;1;32;250;597;567;333;447;320;379;524;399;386;0;0;0;0;0;0;0;0
D:\10_GitHub\Agroscope\data\00_all\images\img_1243.png;495;1269;293;11;319;268;428;312;0;0;0;0;0;0;0;0;0;0;0;0;0;0;0;0
D:\10_GitHub\Agroscope\data\00_all\images\img_1244.png;173;617;1;220;326;398;189;408;0;0;0;0;0;0;0;0;0;0;0;0;0;0;0;0
D:\10_GitHub\Agroscope\data\00_all\images\img_1245.png;529;156;472;433;0;0;0;0;0;0;0;0;0;0;0;0;0;0;0;0;0;0;0;0
D:\10_GitHub\Agroscope\data\00_all\images\img_1246.png;1109;798;239;218;0;0;0;0;0;0;0;0;0;0;0;0;0;0;0;0;0;0;0;0
D:\10_GitHub\Agroscope\data\00_all\images\img_1247.png;352;199;647;488;0;0;0;0;0;0;0;0;0;0;0;0;0;0;0;0;0;0;0;0
D:\10_GitHub\Agroscope\data\00_all\images\img_1248.png;790;118;40;1;453;433;613;331;0;0;0;0;0;0;0;0;0;0;0;0;0;0;0;0
D:\10_GitHub\Agroscope\data\00_all\images\img_1249.png;725;345;295;277;0;0;0;0;0;0;0;0;0;0;0;0;0;0;0;0;0;0;0;0
D:\10_GitHub\Agroscope\data\00_all\images\img_1250.png;586;659;305;1;449;204;410;104;0;0;0;0;0;0;0;0;0;0;0;0;0;0;0;0
D:\10_GitHub\Agroscope\data\00_all\images\img_1251.png;699;253;368;399;0;0;0;0;0;0;0;0;0;0;0;0;0;0;0;0;0;0;0;0
D:\10_GitHub\Agroscope\data\00_all\images\img_1252.png;717;178;317;486;0;0;0;0;0;0;0;0;0;0;0;0;0;0;0;0;0;0;0;0
D:\10_GitHub\Agroscope\data\00_all\images\img_1253.png;733;57;271;50;458;379;292;272;0;0;0;0;0;0;0;0;0;0;0;0;0;0;0;0
D:\10_GitHub\Agroscope\data\00_all\images\img_1254.png;717;205;244;300;0;0;0;0;0;0;0;0;0;0;0;0;0;0;0;0;0;0;0;0
D:\10_GitHub\Agroscope\data\00_all\images\img_1256.png;127;1081;235;316;493;253;334;257;0;0;0;0;0;0;0;0;0;0;0;0;0;0;0;0
D:\10_GitHub\Agroscope\data\00_all\images\img_1257.png;319;227;508;424;0;0;0;0;0;0;0;0;0;0;0;0;0;0;0;0;0;0;0;0
D:\10_GitHub\Agroscope\data\00_all\images\img_1258.png;532;1252;252;1;529;285;556;543;0;0;0;0;0;0;0;0;0;0;0;0;0;0;0;0
D:\10_GitHub\Agroscope\data\00_all\images\img_1259.png;660;329;402;452;0;0;0;0;0;0;0;0;0;0;0;0;0;0;0;0;0;0;0;0
D:\10_GitHub\Agroscope\data\00_all\images\img_1260.png;561;36;619;512;0;0;0;0;0;0;0;0;0;0;0;0;0;0;0;0;0;0;0;0
D:\10_GitHub\Agroscope\data\00_all\images\img_1261.png;652;420;354;348;0;0;0;0;0;0;0;0;0;0;0;0;0;0;0;0;0;0;0;0
D:\10_GitHub\Agroscope\data\00_all\images\img_1262.png;789;42;329;475;368;298;410;193;0;0;0;0;0;0;0;0;0;0;0;0;0;0;0;0
D:\10_GitHub\Agroscope\data\00_all\images\img_1263.png;574;1;1161;413;228;23;426;397;376;241;360;315;0;0;0;0;0;0;0;0;0;0;0;0
D:\10_GitHub\Agroscope\data\00_all\images\img_1264.png;611;145;218;603;672;193;695;174;0;0;0;0;0;0;0;0;0;0;0;0;0;0;0;0
D:\10_GitHub\Agroscope\data\00_all\images\img_1265.png;691;219;610;604;0;0;0;0;0;0;0;0;0;0;0;0;0;0;0;0;0;0;0;0
D:\10_GitHub\Agroscope\data\00_all\images\img_1266.png;377;212;639;727;0;0;0;0;0;0;0;0;0;0;0;0;0;0;0;0;0;0;0;0
D:\10_GitHub\Agroscope\data\00_all\images\img_1267.png;1146;693;252;314;0;0;0;0;0;0;0;0;0;0;0;0;0;0;0;0;0;0;0;0
D:\10_GitHub\Agroscope\data\00_all\images\img_1268.png;435;859;190;783;612;472;513;242;0;0;0;0;0;0;0;0;0;0;0;0;0;0;0;0
D:\10_GitHub\Agroscope\data\00_all\images\img_1269.png;579;756;457;196;428;342;405;285;0;0;0;0;0;0;0;0;0;0;0;0;0;0;0;0
D:\10_GitHub\Agroscope\data\00_all\images\img_1270.png;568;245;536;527;0;0;0;0;0;0;0;0;0;0;0;0;0;0;0;0;0;0;0;0
D:\10_GitHub\Agroscope\data\00_all\images\img_1271.png;0;0;0;0;0;0;0;0;0;0;0;0;0;0;0;0;0;0;0;0;0;0;0;0
D:\10_GitHub\Agroscope\data\00_all\images\img_1272.png;912;773;361;252;0;0;0;0;0;0;0;0;0;0;0;0;0;0;0;0;0;0;0;0
D:\10_GitHub\Agroscope\data\00_all\images\img_1273.png;671;334;309;299;0;0;0;0;0;0;0;0;0;0;0;0;0;0;0;0;0;0;0;0
D:\10_GitHub\Agroscope\data\00_all\images\img_1274.png;831;146;468;482;0;0;0;0;0;0;0;0;0;0;0;0;0;0;0;0;0;0;0;0
D:\10_GitHub\Agroscope\data\00_all\images\img_1275.png;545;269;425;408;0;0;0;0;0;0;0;0;0;0;0;0;0;0;0;0;0;0;0;0
D:\10_GitHub\Agroscope\data\00_all\images\img_1276.png;744;237;512;480;0;0;0;0;0;0;0;0;0;0;0;0;0;0;0;0;0;0;0;0
D:\10_GitHub\Agroscope\data\00_all\images\img_1277.png;560;9;520;460;0;0;0;0;0;0;0;0;0;0;0;0;0;0;0;0;0;0;0;0
D:\10_GitHub\Agroscope\data\00_all\images\img_1278.png;605;363;399;289;0;0;0;0;0;0;0;0;0;0;0;0;0;0;0;0;0;0;0;0
D:\10_GitHub\Agroscope\data\00_all\images\img_1279.png;853;269;353;276;315;737;399;316;168;633;201;133;0;0;0;0;0;0;0;0;0;0;0;0
D:\10_GitHub\Agroscope\data\00_all\images\img_1280.png;592;855;326;1;304;524;458;359;0;0;0;0;0;0;0;0;0;0;0;0;0;0;0;0
D:\10_GitHub\Agroscope\data\00_all\images\img_1281.png;764;205;389;485;0;0;0;0;0;0;0;0;0;0;0;0;0;0;0;0;0;0;0;0
D:\10_GitHub\Agroscope\data\00_all\images\img_1282.png;656;1;582;525;0;0;0;0;0;0;0;0;0;0;0;0;0;0;0;0;0;0;0;0
D:\10_GitHub\Agroscope\data\00_all\images\img_1283.png;540;375;232;359;0;0;0;0;0;0;0;0;0;0;0;0;0;0;0;0;0;0;0;0
D:\10_GitHub\Agroscope\data\00_all\images\img_1284.png;397;608;569;70;283;355;243;382;0;0;0;0;0;0;0;0;0;0;0;0;0;0;0;0
D:\10_GitHub\Agroscope\data\00_all\images\img_1285.png;350;1225;328;498;520;293;233;234;0;0;0;0;0;0;0;0;0;0;0;0;0;0;0;0
D:\10_GitHub\Agroscope\data\00_all\images\img_1286.png;264;1278;186;1;678;259;618;275;0;0;0;0;0;0;0;0;0;0;0;0;0;0;0;0
D:\10_GitHub\Agroscope\data\00_all\images\img_1287.png;311;228;405;465;0;0;0;0;0;0;0;0;0;0;0;0;0;0;0;0;0;0;0;0
D:\10_GitHub\Agroscope\data\00_all\images\img_1288.png;425;1106;145;1;551;269;353;178;0;0;0;0;0;0;0;0;0;0;0;0;0;0;0;0
D:\10_GitHub\Agroscope\data\00_all\images\img_1289.png;520;128;416;444;0;0;0;0;0;0;0;0;0;0;0;0;0;0;0;0;0;0;0;0
D:\10_GitHub\Agroscope\data\00_all\images\img_1290.png;653;167;410;365;0;0;0;0;0;0;0;0;0;0;0;0;0;0;0;0;0;0;0;0
D:\10_GitHub\Agroscope\data\00_all\images\img_1291.png;595;351;319;205;0;0;0;0;0;0;0;0;0;0;0;0;0;0;0;0;0;0;0;0
D:\10_GitHub\Agroscope\data\00_all\images\img_1292.png;397;404;576;307;0;0;0;0;0;0;0;0;0;0;0;0;0;0;0;0;0;0;0;0
D:\10_GitHub\Agroscope\data\00_all\images\img_1293.png;264;346;413;322;0;0;0;0;0;0;0;0;0;0;0;0;0;0;0;0;0;0;0;0
D:\10_GitHub\Agroscope\data\00_all\images\img_1294.png;228;108;553;295;0;0;0;0;0;0;0;0;0;0;0;0;0;0;0;0;0;0;0;0
D:\10_GitHub\Agroscope\data\00_all\images\img_1295.png;484;319;306;312;0;0;0;0;0;0;0;0;0;0;0;0;0;0;0;0;0;0;0;0
D:\10_GitHub\Agroscope\data\00_all\images\img_1296.png;563;988;233;831;357;238;509;162;0;0;0;0;0;0;0;0;0;0;0;0;0;0;0;0
D:\10_GitHub\Agroscope\data\00_all\images\img_1297.png;582;262;276;282;0;0;0;0;0;0;0;0;0;0;0;0;0;0;0;0;0;0;0;0
D:\10_GitHub\Agroscope\data\00_all\images\img_1298.png;743;1;273;423;344;252;228;251;0;0;0;0;0;0;0;0;0;0;0;0;0;0;0;0
D:\10_GitHub\Agroscope\data\00_all\images\img_1299.png;309;151;499;448;0;0;0;0;0;0;0;0;0;0;0;0;0;0;0;0;0;0;0;0
D:\10_GitHub\Agroscope\data\00_all\images\img_1300.png;527;317;286;320;0;0;0;0;0;0;0;0;0;0;0;0;0;0;0;0;0;0;0;0
D:\10_GitHub\Agroscope\data\00_all\images\img_1301.png;561;360;514;344;0;0;0;0;0;0;0;0;0;0;0;0;0;0;0;0;0;0;0;0
D:\10_GitHub\Agroscope\data\00_all\images\img_1302.png;551;225;586;418;0;0;0;0;0;0;0;0;0;0;0;0;0;0;0;0;0;0;0;0
D:\10_GitHub\Agroscope\data\00_all\images\img_1303.png;630;124;665;655;0;0;0;0;0;0;0;0;0;0;0;0;0;0;0;0;0;0;0;0
D:\10_GitHub\Agroscope\data\00_all\images\img_1304.png;657;164;489;438;0;0;0;0;0;0;0;0;0;0;0;0;0;0;0;0;0;0;0;0
D:\10_GitHub\Agroscope\data\00_all\images\img_1305.png;396;162;582;534;0;0;0;0;0;0;0;0;0;0;0;0;0;0;0;0;0;0;0;0
D:\10_GitHub\Agroscope\data\00_all\images\img_1306.png;478;306;436;250;0;0;0;0;0;0;0;0;0;0;0;0;0;0;0;0;0;0;0;0
D:\10_GitHub\Agroscope\data\00_all\images\img_1307.png;542;443;296;296;0;0;0;0;0;0;0;0;0;0;0;0;0;0;0;0;0;0;0;0
D:\10_GitHub\Agroscope\data\00_all\images\img_1308.png;518;1057;141;523;421;368;454;317;0;0;0;0;0;0;0;0;0;0;0;0;0;0;0;0
D:\10_GitHub\Agroscope\data\00_all\images\img_1309.png;487;267;422;327;0;0;0;0;0;0;0;0;0;0;0;0;0;0;0;0;0;0;0;0
D:\10_GitHub\Agroscope\data\00_all\images\img_1310.png;0;0;0;0;0;0;0;0;0;0;0;0;0;0;0;0;0;0;0;0;0;0;0;0
D:\10_GitHub\Agroscope\data\00_all\images\img_1311.png;595;366;50;369;800;141;560;239;345;345;225;296;0;0;0;0;0;0;0;0;0;0;0;0
D:\10_GitHub\Agroscope\data\00_all\images\img_1312.png;434;391;400;341;0;0;0;0;0;0;0;0;0;0;0;0;0;0;0;0;0;0;0;0
D:\10_GitHub\Agroscope\data\00_all\images\img_1313.png;636;725;199;173;0;0;0;0;0;0;0;0;0;0;0;0;0;0;0;0;0;0;0;0
D:\10_GitHub\Agroscope\data\00_all\images\img_1314.png;588;174;294;247;0;0;0;0;0;0;0;0;0;0;0;0;0;0;0;0;0;0;0;0
D:\10_GitHub\Agroscope\data\00_all\images\img_1315.png;802;145;398;359;0;0;0;0;0;0;0;0;0;0;0;0;0;0;0;0;0;0;0;0
D:\10_GitHub\Agroscope\data\00_all\images\img_1316.png;503;1316;265;37;433;221;486;427;0;0;0;0;0;0;0;0;0;0;0;0;0;0;0;0
D:\10_GitHub\Agroscope\data\00_all\images\img_1317.png;1205;557;731;466;1;38;102;574;563;760;332;470;261;183;180;548;324;316;358;265;0;0;0;0
D:\10_GitHub\Agroscope\data\00_all\images\img_1318.png;946;681;260;233;0;0;0;0;0;0;0;0;0;0;0;0;0;0;0;0;0;0;0;0
D:\10_GitHub\Agroscope\data\00_all\images\img_1319.png;664;1398;283;281;524;139;391;214;0;0;0;0;0;0;0;0;0;0;0;0;0;0;0;0
D:\10_GitHub\Agroscope\data\00_all\images\img_1320.png;921;386;301;268;0;0;0;0;0;0;0;0;0;0;0;0;0;0;0;0;0;0;0;0
D:\10_GitHub\Agroscope\data\00_all\images\img_1321.png;278;290;492;355;0;0;0;0;0;0;0;0;0;0;0;0;0;0;0;0;0;0;0;0
D:\10_GitHub\Agroscope\data\00_all\images\img_1322.png;683;1;559;544;0;0;0;0;0;0;0;0;0;0;0;0;0;0;0;0;0;0;0;0
D:\10_GitHub\Agroscope\data\00_all\images\img_1323.png;504;313;348;299;0;0;0;0;0;0;0;0;0;0;0;0;0;0;0;0;0;0;0;0
D:\10_GitHub\Agroscope\data\00_all\images\img_1324.png;1024;385;1;254;192;124;603;10;460;292;201;256;481;401;351;209;0;0;0;0;0;0;0;0
D:\10_GitHub\Agroscope\data\00_all\images\img_1325.png;501;1259;1055;737;810;4;247;14;392;131;349;278;356;297;322;379;418;267;344;316;0;0;0;0
D:\10_GitHub\Agroscope\data\00_all\images\img_1327.png;531;1;232;1;405;281;336;158;0;0;0;0;0;0;0;0;0;0;0;0;0;0;0;0
D:\10_GitHub\Agroscope\data\00_all\images\img_1328.png;558;414;253;244;0;0;0;0;0;0;0;0;0;0;0;0;0;0;0;0;0;0;0;0
D:\10_GitHub\Agroscope\data\00_all\images\img_1329.png;724;228;370;289;0;0;0;0;0;0;0;0;0;0;0;0;0;0;0;0;0;0;0;0
D:\10_GitHub\Agroscope\data\00_all\images\img_1330.png;534;442;415;233;0;0;0;0;0;0;0;0;0;0;0;0;0;0;0;0;0;0;0;0
D:\10_GitHub\Agroscope\data\00_all\images\img_1331.png;563;430;400;785;393;104;292;188;0;0;0;0;0;0;0;0;0;0;0;0;0;0;0;0
D:\10_GitHub\Agroscope\data\00_all\images\img_1332.png;505;637;22;20;249;711;272;489;437;258;387;314;0;0;0;0;0;0;0;0;0;0;0;0
D:\10_GitHub\Agroscope\data\00_all\images\img_1333.png;390;404;195;226;0;0;0;0;0;0;0;0;0;0;0;0;0;0;0;0;0;0;0;0
D:\10_GitHub\Agroscope\data\00_all\images\img_1334.png;1147;1252;787;324;23;410;292;275;276;569;203;272;0;0;0;0;0;0;0;0;0;0;0;0
D:\10_GitHub\Agroscope\data\00_all\images\img_1335.png;663;665;846;448;353;347;179;260;0;0;0;0;0;0;0;0;0;0;0;0;0;0;0;0
D:\10_GitHub\Agroscope\data\00_all\images\img_1336.png;573;68;171;414;388;336;599;364;0;0;0;0;0;0;0;0;0;0;0;0;0;0;0;0
D:\10_GitHub\Agroscope\data\00_all\images\img_1337.png;745;122;391;308;0;0;0;0;0;0;0;0;0;0;0;0;0;0;0;0;0;0;0;0
D:\10_GitHub\Agroscope\data\00_all\images\img_1338.png;312;196;699;326;66;9;419;301;145;453;251;161;0;0;0;0;0;0;0;0;0;0;0;0
D:\10_GitHub\Agroscope\data\00_all\images\img_1339.png;603;168;311;357;0;0;0;0;0;0;0;0;0;0;0;0;0;0;0;0;0;0;0;0
D:\10_GitHub\Agroscope\data\00_all\images\img_1340.png;652;492;341;236;256;273;376;153;0;0;0;0;0;0;0;0;0;0;0;0;0;0;0;0
D:\10_GitHub\Agroscope\data\00_all\images\img_1341.png;539;1367;414;673;442;170;373;263;0;0;0;0;0;0;0;0;0;0;0;0;0;0;0;0
D:\10_GitHub\Agroscope\data\00_all\images\img_1342.png;442;625;355;845;499;353;267;180;0;0;0;0;0;0;0;0;0;0;0;0;0;0;0;0
D:\10_GitHub\Agroscope\data\00_all\images\img_1343.png;636;1;331;377;0;0;0;0;0;0;0;0;0;0;0;0;0;0;0;0;0;0;0;0
D:\10_GitHub\Agroscope\data\00_all\images\img_1344.png;537;357;501;515;0;0;0;0;0;0;0;0;0;0;0;0;0;0;0;0;0;0;0;0
D:\10_GitHub\Agroscope\data\00_all\images\img_1345.png;839;227;445;444;0;0;0;0;0;0;0;0;0;0;0;0;0;0;0;0;0;0;0;0
D:\10_GitHub\Agroscope\data\00_all\images\img_1346.png;618;449;281;284;0;0;0;0;0;0;0;0;0;0;0;0;0;0;0;0;0;0;0;0
D:\10_GitHub\Agroscope\data\00_all\images\img_1347.png;531;401;472;275;0;0;0;0;0;0;0;0;0;0;0;0;0;0;0;0;0;0;0;0
D:\10_GitHub\Agroscope\data\00_all\images\img_1348.png;471;425;301;260;0;0;0;0;0;0;0;0;0;0;0;0;0;0;0;0;0;0;0;0
D:\10_GitHub\Agroscope\data\00_all\images\img_1349.png;731;243;398;342;0;0;0;0;0;0;0;0;0;0;0;0;0;0;0;0;0;0;0;0
D:\10_GitHub\Agroscope\data\00_all\images\img_1350.png;80;544;198;175;0;0;0;0;0;0;0;0;0;0;0;0;0;0;0;0;0;0;0;0
D:\10_GitHub\Agroscope\data\00_all\images\img_1351.png;472;141;959;1;13;195;453;284;384;473;308;299;0;0;0;0;0;0;0;0;0;0;0;0
D:\10_GitHub\Agroscope\data\00_all\images\img_1352.png;565;264;489;296;429;489;392;266;0;0;0;0;0;0;0;0;0;0;0;0;0;0;0;0
D:\10_GitHub\Agroscope\data\00_all\images\img_1353.png;1;737;558;613;392;246;258;322;0;0;0;0;0;0;0;0;0;0;0;0;0;0;0;0
D:\10_GitHub\Agroscope\data\00_all\images\img_1354.png;483;255;339;496;0;0;0;0;0;0;0;0;0;0;0;0;0;0;0;0;0;0;0;0
D:\10_GitHub\Agroscope\data\00_all\images\img_1355.png;980;673;461;1114;190;283;1;1;308;268;225;423;527;272;101;140;0;0;0;0;0;0;0;0
D:\10_GitHub\Agroscope\data\00_all\images\img_1356.png;660;383;195;251;0;0;0;0;0;0;0;0;0;0;0;0;0;0;0;0;0;0;0;0
D:\10_GitHub\Agroscope\data\00_all\images\img_1357.png;804;398;342;226;0;0;0;0;0;0;0;0;0;0;0;0;0;0;0;0;0;0;0;0
D:\10_GitHub\Agroscope\data\00_all\images\img_1358.png;1234;755;525;808;356;111;303;165;217;217;258;201;0;0;0;0;0;0;0;0;0;0;0;0
D:\10_GitHub\Agroscope\data\00_all\images\img_1359.png;552;237;546;642;0;0;0;0;0;0;0;0;0;0;0;0;0;0;0;0;0;0;0;0
D:\10_GitHub\Agroscope\data\00_all\images\img_1360.png;457;48;405;404;0;0;0;0;0;0;0;0;0;0;0;0;0;0;0;0;0;0;0;0
D:\10_GitHub\Agroscope\data\00_all\images\img_1361.png;214;363;361;211;0;0;0;0;0;0;0;0;0;0;0;0;0;0;0;0;0;0;0;0
D:\10_GitHub\Agroscope\data\00_all\images\img_1362.png;913;345;536;432;0;0;0;0;0;0;0;0;0;0;0;0;0;0;0;0;0;0;0;0
D:\10_GitHub\Agroscope\data\00_all\images\img_1363.png;658;1040;511;1;281;276;217;226;0;0;0;0;0;0;0;0;0;0;0;0;0;0;0;0
D:\10_GitHub\Agroscope\data\00_all\images\img_1364.png;663;209;438;391;0;0;0;0;0;0;0;0;0;0;0;0;0;0;0;0;0;0;0;0
D:\10_GitHub\Agroscope\data\00_all\images\img_1365.png;1267;252;270;273;0;0;0;0;0;0;0;0;0;0;0;0;0;0;0;0;0;0;0;0
D:\10_GitHub\Agroscope\data\00_all\images\img_1366.png;487;151;191;1;307;235;364;99;0;0;0;0;0;0;0;0;0;0;0;0;0;0;0;0
D:\10_GitHub\Agroscope\data\00_all\images\img_1367.png;646;233;366;527;0;0;0;0;0;0;0;0;0;0;0;0;0;0;0;0;0;0;0;0
D:\10_GitHub\Agroscope\data\00_all\images\img_1368.png;498;169;393;203;0;0;0;0;0;0;0;0;0;0;0;0;0;0;0;0;0;0;0;0
D:\10_GitHub\Agroscope\data\00_all\images\img_1369.png;425;305;445;321;0;0;0;0;0;0;0;0;0;0;0;0;0;0;0;0;0;0;0;0
D:\10_GitHub\Agroscope\data\00_all\images\img_1370.png;1195;599;342;281;0;0;0;0;0;0;0;0;0;0;0;0;0;0;0;0;0;0;0;0
D:\10_GitHub\Agroscope\data\00_all\images\img_1371.png;589;427;300;259;0;0;0;0;0;0;0;0;0;0;0;0;0;0;0;0;0;0;0;0
D:\10_GitHub\Agroscope\data\00_all\images\img_1372.png;236;215;201;163;0;0;0;0;0;0;0;0;0;0;0;0;0;0;0;0;0;0;0;0
D:\10_GitHub\Agroscope\data\00_all\images\img_1373.png;396;397;387;266;0;0;0;0;0;0;0;0;0;0;0;0;0;0;0;0;0;0;0;0
D:\10_GitHub\Agroscope\data\00_all\images\img_1374.png;501;401;396;248;0;0;0;0;0;0;0;0;0;0;0;0;0;0;0;0;0;0;0;0
D:\10_GitHub\Agroscope\data\00_all\images\img_1375.png;537;70;717;719;0;0;0;0;0;0;0;0;0;0;0;0;0;0;0;0;0;0;0;0
D:\10_GitHub\Agroscope\data\00_all\images\img_1376.png;535;254;607;545;0;0;0;0;0;0;0;0;0;0;0;0;0;0;0;0;0;0;0;0
D:\10_GitHub\Agroscope\data\00_all\images\img_1377.png;529;1100;909;484;509;1;302;337;272;357;352;155;0;0;0;0;0;0;0;0;0;0;0;0
D:\10_GitHub\Agroscope\data\00_all\images\img_1378.png;597;431;503;415;0;0;0;0;0;0;0;0;0;0;0;0;0;0;0;0;0;0;0;0
D:\10_GitHub\Agroscope\data\00_all\images\img_1379.png;631;108;421;408;0;0;0;0;0;0;0;0;0;0;0;0;0;0;0;0;0;0;0;0
D:\10_GitHub\Agroscope\data\00_all\images\img_1380.png;538;453;325;263;0;0;0;0;0;0;0;0;0;0;0;0;0;0;0;0;0;0;0;0
D:\10_GitHub\Agroscope\data\00_all\images\img_1381.png;364;236;214;348;0;0;0;0;0;0;0;0;0;0;0;0;0;0;0;0;0;0;0;0
D:\10_GitHub\Agroscope\data\00_all\images\img_1382.png;823;218;507;387;0;0;0;0;0;0;0;0;0;0;0;0;0;0;0;0;0;0;0;0
D:\10_GitHub\Agroscope\data\00_all\images\img_1383.png;554;445;525;261;307;192;372;139;0;0;0;0;0;0;0;0;0;0;0;0;0;0;0;0
D:\10_GitHub\Agroscope\data\00_all\images\img_1384.png;397;1;388;399;0;0;0;0;0;0;0;0;0;0;0;0;0;0;0;0;0;0;0;0
D:\10_GitHub\Agroscope\data\00_all\images\img_1385.png;842;739;487;328;1;266;426;220;240;399;178;203;0;0;0;0;0;0;0;0;0;0;0;0
D:\10_GitHub\Agroscope\data\00_all\images\img_1386.png;580;1373;393;139;254;164;318;367;0;0;0;0;0;0;0;0;0;0;0;0;0;0;0;0
D:\10_GitHub\Agroscope\data\00_all\images\img_1387.png;978;1;308;163;0;0;0;0;0;0;0;0;0;0;0;0;0;0;0;0;0;0;0;0
D:\10_GitHub\Agroscope\data\00_all\images\img_1388.png;493;232;518;547;0;0;0;0;0;0;0;0;0;0;0;0;0;0;0;0;0;0;0;0
D:\10_GitHub\Agroscope\data\00_all\images\img_1389.png;392;377;173;869;483;404;412;156;0;0;0;0;0;0;0;0;0;0;0;0;0;0;0;0
D:\10_GitHub\Agroscope\data\00_all\images\img_1390.png;532;288;570;638;0;0;0;0;0;0;0;0;0;0;0;0;0;0;0;0;0;0;0;0
D:\10_GitHub\Agroscope\data\00_all\images\img_1391.png;402;856;987;122;731;254;484;327;280;410;285;279;0;0;0;0;0;0;0;0;0;0;0;0
D:\10_GitHub\Agroscope\data\00_all\images\img_1392.png;582;389;287;212;0;0;0;0;0;0;0;0;0;0;0;0;0;0;0;0;0;0;0;0
D:\10_GitHub\Agroscope\data\00_all\images\img_1393.png;633;366;200;190;0;0;0;0;0;0;0;0;0;0;0;0;0;0;0;0;0;0;0;0
D:\10_GitHub\Agroscope\data\00_all\images\img_1394.png;886;714;147;161;0;0;0;0;0;0;0;0;0;0;0;0;0;0;0;0;0;0;0;0
D:\10_GitHub\Agroscope\data\00_all\images\img_1395.png;443;121;481;402;0;0;0;0;0;0;0;0;0;0;0;0;0;0;0;0;0;0;0;0
D:\10_GitHub\Agroscope\data\00_all\images\img_1396.png;623;408;204;267;0;0;0;0;0;0;0;0;0;0;0;0;0;0;0;0;0;0;0;0
D:\10_GitHub\Agroscope\data\00_all\images\img_1397.png;573;1061;1;619;221;565;438;603;271;476;230;121;294;460;401;93;0;0;0;0;0;0;0;0
D:\10_GitHub\Agroscope\data\00_all\images\img_1398.png;608;1408;185;396;380;317;260;128;187;397;170;171;0;0;0;0;0;0;0;0;0;0;0;0
D:\10_GitHub\Agroscope\data\00_all\images\img_1399.png;483;1255;1;488;204;339;335;282;261;176;189;176;0;0;0;0;0;0;0;0;0;0;0;0
D:\10_GitHub\Agroscope\data\00_all\images\img_1400.png;572;1354;442;369;302;183;339;154;0;0;0;0;0;0;0;0;0;0;0;0;0;0;0;0
D:\10_GitHub\Agroscope\data\00_all\images\img_1401.png;489;1305;1;305;410;298;435;232;298;296;192;177;0;0;0;0;0;0;0;0;0;0;0;0
D:\10_GitHub\Agroscope\data\00_all\images\img_1402.png;673;546;232;250;0;0;0;0;0;0;0;0;0;0;0;0;0;0;0;0;0;0;0;0
D:\10_GitHub\Agroscope\data\00_all\images\img_1403.png;432;151;552;557;0;0;0;0;0;0;0;0;0;0;0;0;0;0;0;0;0;0;0;0
D:\10_GitHub\Agroscope\data\00_all\images\img_1404.png;941;1015;543;148;717;595;155;122;211;235;144;189;0;0;0;0;0;0;0;0;0;0;0;0
D:\10_GitHub\Agroscope\data\00_all\images\img_1405.png;759;1;125;281;355;348;528;452;0;0;0;0;0;0;0;0;0;0;0;0;0;0;0;0
D:\10_GitHub\Agroscope\data\00_all\images\img_1406.png;477;921;1;664;744;222;579;312;0;0;0;0;0;0;0;0;0;0;0;0;0;0;0;0
D:\10_GitHub\Agroscope\data\00_all\images\img_1407.png;1;811;179;310;542;338;712;285;0;0;0;0;0;0;0;0;0;0;0;0;0;0;0;0
D:\10_GitHub\Agroscope\data\00_all\images\img_1408.png;366;178;658;401;0;0;0;0;0;0;0;0;0;0;0;0;0;0;0;0;0;0;0;0
D:\10_GitHub\Agroscope\data\00_all\images\img_1409.png;626;436;675;589;0;0;0;0;0;0;0;0;0;0;0;0;0;0;0;0;0;0;0;0
D:\10_GitHub\Agroscope\data\00_all\images\img_1410.png;463;243;515;440;0;0;0;0;0;0;0;0;0;0;0;0;0;0;0;0;0;0;0;0
D:\10_GitHub\Agroscope\data\00_all\images\img_1411.png;656;210;367;194;0;0;0;0;0;0;0;0;0;0;0;0;0;0;0;0;0;0;0;0
D:\10_GitHub\Agroscope\data\00_all\images\img_1412.png;754;315;325;259;0;0;0;0;0;0;0;0;0;0;0;0;0;0;0;0;0;0;0;0
D:\10_GitHub\Agroscope\data\00_all\images\img_1413.png;641;148;161;336;507;423;442;455;0;0;0;0;0;0;0;0;0;0;0;0;0;0;0;0
D:\10_GitHub\Agroscope\data\00_all\images\img_1414.png;557;311;392;277;0;0;0;0;0;0;0;0;0;0;0;0;0;0;0;0;0;0;0;0
D:\10_GitHub\Agroscope\data\00_all\images\img_1415.png;750;137;271;379;0;0;0;0;0;0;0;0;0;0;0;0;0;0;0;0;0;0;0;0
D:\10_GitHub\Agroscope\data\00_all\images\img_1416.png;830;808;440;594;279;1;466;344;177;398;219;132;0;0;0;0;0;0;0;0;0;0;0;0
D:\10_GitHub\Agroscope\data\00_all\images\img_1417.png;528;97;449;551;0;0;0;0;0;0;0;0;0;0;0;0;0;0;0;0;0;0;0;0
D:\10_GitHub\Agroscope\data\00_all\images\img_1418.png;914;609;944;478;293;762;378;38;1;831;437;457;167;358;205;263;310;266;161;165;0;0;0;0
D:\10_GitHub\Agroscope\data\00_all\images\img_1419.png;472;471;523;380;0;0;0;0;0;0;0;0;0;0;0;0;0;0;0;0;0;0;0;0
D:\10_GitHub\Agroscope\data\00_all\images\img_1420.png;379;284;545;628;0;0;0;0;0;0;0;0;0;0;0;0;0;0;0;0;0;0;0;0
D:\10_GitHub\Agroscope\data\00_all\images\img_1421.png;1;662;315;373;374;401;394;232;0;0;0;0;0;0;0;0;0;0;0;0;0;0;0;0
D:\10_GitHub\Agroscope\data\00_all\images\img_1422.png;561;212;425;404;0;0;0;0;0;0;0;0;0;0;0;0;0;0;0;0;0;0;0;0
D:\10_GitHub\Agroscope\data\00_all\images\img_1423.png;626;191;344;417;0;0;0;0;0;0;0;0;0;0;0;0;0;0;0;0;0;0;0;0
D:\10_GitHub\Agroscope\data\00_all\images\img_1424.png;225;282;623;580;0;0;0;0;0;0;0;0;0;0;0;0;0;0;0;0;0;0;0;0
D:\10_GitHub\Agroscope\data\00_all\images\img_1425.png;822;232;335;413;0;0;0;0;0;0;0;0;0;0;0;0;0;0;0;0;0;0;0;0
D:\10_GitHub\Agroscope\data\00_all\images\img_1426.png;15;128;630;791;0;0;0;0;0;0;0;0;0;0;0;0;0;0;0;0;0;0;0;0
D:\10_GitHub\Agroscope\data\00_all\images\img_1427.png;548;15;406;770;342;275;258;255;0;0;0;0;0;0;0;0;0;0;0;0;0;0;0;0
D:\10_GitHub\Agroscope\data\00_all\images\img_1428.png;657;349;247;338;0;0;0;0;0;0;0;0;0;0;0;0;0;0;0;0;0;0;0;0
D:\10_GitHub\Agroscope\data\00_all\images\img_1429.png;677;323;322;416;0;0;0;0;0;0;0;0;0;0;0;0;0;0;0;0;0;0;0;0
D:\10_GitHub\Agroscope\data\00_all\images\img_1430.png;470;937;317;162;597;385;495;278;0;0;0;0;0;0;0;0;0;0;0;0;0;0;0;0
D:\10_GitHub\Agroscope\data\00_all\images\img_1431.png;804;336;356;238;0;0;0;0;0;0;0;0;0;0;0;0;0;0;0;0;0;0;0;0
D:\10_GitHub\Agroscope\data\00_all\images\img_1432.png;569;85;387;500;0;0;0;0;0;0;0;0;0;0;0;0;0;0;0;0;0;0;0;0
D:\10_GitHub\Agroscope\data\00_all\images\img_1433.png;822;425;244;256;0;0;0;0;0;0;0;0;0;0;0;0;0;0;0;0;0;0;0;0
D:\10_GitHub\Agroscope\data\00_all\images\img_1434.png;470;42;522;595;0;0;0;0;0;0;0;0;0;0;0;0;0;0;0;0;0;0;0;0
D:\10_GitHub\Agroscope\data\00_all\images\img_1435.png;599;304;326;326;0;0;0;0;0;0;0;0;0;0;0;0;0;0;0;0;0;0;0;0
D:\10_GitHub\Agroscope\data\00_all\images\img_1436.png;716;208;345;340;0;0;0;0;0;0;0;0;0;0;0;0;0;0;0;0;0;0;0;0
D:\10_GitHub\Agroscope\data\00_all\images\img_1437.png;398;284;494;545;0;0;0;0;0;0;0;0;0;0;0;0;0;0;0;0;0;0;0;0
D:\10_GitHub\Agroscope\data\00_all\images\img_1438.png;548;440;385;1;393;294;480;151;0;0;0;0;0;0;0;0;0;0;0;0;0;0;0;0
D:\10_GitHub\Agroscope\data\00_all\images\img_1439.png;579;340;407;442;0;0;0;0;0;0;0;0;0;0;0;0;0;0;0;0;0;0;0;0
D:\10_GitHub\Agroscope\data\00_all\images\img_1440.png;1238;404;250;243;0;0;0;0;0;0;0;0;0;0;0;0;0;0;0;0;0;0;0;0
D:\10_GitHub\Agroscope\data\00_all\images\img_1441.png;463;193;667;483;0;0;0;0;0;0;0;0;0;0;0;0;0;0;0;0;0;0;0;0
D:\10_GitHub\Agroscope\data\00_all\images\img_1442.png;583;4;587;794;0;0;0;0;0;0;0;0;0;0;0;0;0;0;0;0;0;0;0;0
D:\10_GitHub\Agroscope\data\00_all\images\img_1443.png;550;333;404;399;0;0;0;0;0;0;0;0;0;0;0;0;0;0;0;0;0;0;0;0
D:\10_GitHub\Agroscope\data\00_all\images\img_1444.png;421;294;435;268;0;0;0;0;0;0;0;0;0;0;0;0;0;0;0;0;0;0;0;0
D:\10_GitHub\Agroscope\data\00_all\images\img_1445.png;603;361;355;330;0;0;0;0;0;0;0;0;0;0;0;0;0;0;0;0;0;0;0;0
D:\10_GitHub\Agroscope\data\00_all\images\img_1446.png;276;586;430;1;284;290;300;278;0;0;0;0;0;0;0;0;0;0;0;0;0;0;0;0
D:\10_GitHub\Agroscope\data\00_all\images\img_1447.png;249;709;27;264;504;565;542;530;0;0;0;0;0;0;0;0;0;0;0;0;0;0;0;0
D:\10_GitHub\Agroscope\data\00_all\images\img_1448.png;819;305;362;613;334;179;203;195;0;0;0;0;0;0;0;0;0;0;0;0;0;0;0;0
D:\10_GitHub\Agroscope\data\00_all\images\img_1449.png;0;0;0;0;0;0;0;0;0;0;0;0;0;0;0;0;0;0;0;0;0;0;0;0
D:\10_GitHub\Agroscope\data\00_all\images\img_1450.png;715;432;21;521;671;241;608;177;0;0;0;0;0;0;0;0;0;0;0;0;0;0;0;0
D:\10_GitHub\Agroscope\data\00_all\images\img_1451.png;328;1;905;733;0;0;0;0;0;0;0;0;0;0;0;0;0;0;0;0;0;0;0;0
D:\10_GitHub\Agroscope\data\00_all\images\img_1452.png;1104;482;476;386;299;172;241;158;0;0;0;0;0;0;0;0;0;0;0;0;0;0;0;0
D:\10_GitHub\Agroscope\data\00_all\images\img_1453.png;538;350;378;360;0;0;0;0;0;0;0;0;0;0;0;0;0;0;0;0;0;0;0;0
D:\10_GitHub\Agroscope\data\00_all\images\img_1454.png;933;219;260;211;0;0;0;0;0;0;0;0;0;0;0;0;0;0;0;0;0;0;0;0
D:\10_GitHub\Agroscope\data\00_all\images\img_1455.png;478;964;175;16;164;441;154;404;0;0;0;0;0;0;0;0;0;0;0;0;0;0;0;0
D:\10_GitHub\Agroscope\data\00_all\images\img_1456.png;927;828;1181;341;336;1;1;1;595;302;603;1;1;634;610;444;356;435;300;331;253;271;430;723
D:\10_GitHub\Agroscope\data\00_all\images\img_1457.png;164;793;163;208;581;466;729;597;0;0;0;0;0;0;0;0;0;0;0;0;0;0;0;0
D:\10_GitHub\Agroscope\data\00_all\images\img_1458.png;220;362;522;437;0;0;0;0;0;0;0;0;0;0;0;0;0;0;0;0;0;0;0;0
D:\10_GitHub\Agroscope\data\00_all\images\img_1459.png;867;30;475;781;144;276;21;726;364;617;469;522;475;689;420;299;0;0;0;0;0;0;0;0
D:\10_GitHub\Agroscope\data\00_all\images\img_1460.png;555;415;507;449;0;0;0;0;0;0;0;0;0;0;0;0;0;0;0;0;0;0;0;0
D:\10_GitHub\Agroscope\data\00_all\images\img_1461.png;859;265;459;598;0;0;0;0;0;0;0;0;0;0;0;0;0;0;0;0;0;0;0;0
D:\10_GitHub\Agroscope\data\00_all\images\img_1462.png;691;1;653;266;373;1;637;498;445;663;404;218;0;0;0;0;0;0;0;0;0;0;0;0
D:\10_GitHub\Agroscope\data\00_all\images\img_1463.png;212;363;408;441;0;0;0;0;0;0;0;0;0;0;0;0;0;0;0;0;0;0;0;0
D:\10_GitHub\Agroscope\data\00_all\images\img_1464.png;494;423;545;442;0;0;0;0;0;0;0;0;0;0;0;0;0;0;0;0;0;0;0;0
D:\10_GitHub\Agroscope\data\00_all\images\img_1465.png;755;986;431;504;1;353;688;551;382;521;412;438;0;0;0;0;0;0;0;0;0;0;0;0
D:\10_GitHub\Agroscope\data\00_all\images\img_1466.png;528;244;313;370;0;0;0;0;0;0;0;0;0;0;0;0;0;0;0;0;0;0;0;0
D:\10_GitHub\Agroscope\data\00_all\images\img_1467.png;326;1;1020;1012;0;0;0;0;0;0;0;0;0;0;0;0;0;0;0;0;0;0;0;0
D:\10_GitHub\Agroscope\data\00_all\images\img_1468.png;549;341;690;617;0;0;0;0;0;0;0;0;0;0;0;0;0;0;0;0;0;0;0;0
D:\10_GitHub\Agroscope\data\00_all\images\img_1469.png;637;1;376;502;0;0;0;0;0;0;0;0;0;0;0;0;0;0;0;0;0;0;0;0
D:\10_GitHub\Agroscope\data\00_all\images\img_1470.png;700;269;224;219;0;0;0;0;0;0;0;0;0;0;0;0;0;0;0;0;0;0;0;0
D:\10_GitHub\Agroscope\data\00_all\images\img_1471.png;424;50;83;1;588;409;653;136;0;0;0;0;0;0;0;0;0;0;0;0;0;0;0;0
D:\10_GitHub\Agroscope\data\00_all\images\img_1472.png;418;34;1;157;321;700;693;154;211;563;330;325;0;0;0;0;0;0;0;0;0;0;0;0
D:\10_GitHub\Agroscope\data\00_all\images\img_1473.png;279;992;386;1;398;483;358;454;0;0;0;0;0;0;0;0;0;0;0;0;0;0;0;0
D:\10_GitHub\Agroscope\data\00_all\images\img_1474.png;0;0;0;0;0;0;0;0;0;0;0;0;0;0;0;0;0;0;0;0;0;0;0;0
D:\10_GitHub\Agroscope\data\00_all\images\img_1475.png;501;1;1;31;1036;359;937;831;0;0;0;0;0;0;0;0;0;0;0;0;0;0;0;0
D:\10_GitHub\Agroscope\data\00_all\images\img_1476.png;318;506;464;45;458;506;454;364;0;0;0;0;0;0;0;0;0;0;0;0;0;0;0;0
D:\10_GitHub\Agroscope\data\00_all\images\img_1477.png;588;396;293;215;0;0;0;0;0;0;0;0;0;0;0;0;0;0;0;0;0;0;0;0
D:\10_GitHub\Agroscope\data\00_all\images\img_1478.png;377;1043;1079;440;352;705;567;342;273;482;266;227;0;0;0;0;0;0;0;0;0;0;0;0
D:\10_GitHub\Agroscope\data\00_all\images\img_1479.png;1289;434;278;454;465;5;248;496;356;571;390;276;0;0;0;0;0;0;0;0;0;0;0;0
D:\10_GitHub\Agroscope\data\00_all\images\img_1480.png;440;1064;196;470;416;372;487;309;0;0;0;0;0;0;0;0;0;0;0;0;0;0;0;0
D:\10_GitHub\Agroscope\data\00_all\images\img_1481.png;551;583;204;178;0;0;0;0;0;0;0;0;0;0;0;0;0;0;0;0;0;0;0;0
D:\10_GitHub\Agroscope\data\00_all\images\img_1482.png;822;108;270;523;608;498;524;361;0;0;0;0;0;0;0;0;0;0;0;0;0;0;0;0
D:\10_GitHub\Agroscope\data\00_all\images\img_1483.png;551;1256;13;343;79;367;582;892;640;281;265;294;586;364;152;133;0;0;0;0;0;0;0;0
D:\10_GitHub\Agroscope\data\00_all\images\img_1484.png;704;179;511;635;0;0;0;0;0;0;0;0;0;0;0;0;0;0;0;0;0;0;0;0
D:\10_GitHub\Agroscope\data\00_all\images\img_1485.png;273;181;790;589;0;0;0;0;0;0;0;0;0;0;0;0;0;0;0;0;0;0;0;0
D:\10_GitHub\Agroscope\data\00_all\images\img_1486.png;693;36;817;856;0;0;0;0;0;0;0;0;0;0;0;0;0;0;0;0;0;0;0;0
D:\10_GitHub\Agroscope\data\00_all\images\img_1487.png;657;154;381;383;348;178;180;197;0;0;0;0;0;0;0;0;0;0;0;0;0;0;0;0
D:\10_GitHub\Agroscope\data\00_all\images\img_1488.png;535;235;1;214;659;512;448;299;160;416;313;460;0;0;0;0;0;0;0;0;0;0;0;0
D:\10_GitHub\Agroscope\data\00_all\images\img_1489.png;356;1068;829;311;649;1;516;469;637;503;376;297;0;0;0;0;0;0;0;0;0;0;0;0
D:\10_GitHub\Agroscope\data\00_all\images\img_1490.png;363;512;241;1;954;373;715;116;0;0;0;0;0;0;0;0;0;0;0;0;0;0;0;0
D:\10_GitHub\Agroscope\data\00_all\images\img_1491.png;352;1;748;731;0;0;0;0;0;0;0;0;0;0;0;0;0;0;0;0;0;0;0;0
D:\10_GitHub\Agroscope\data\00_all\images\img_1492.png;343;1079;1128;1;250;779;82;1;662;458;406;568;612;246;474;219;0;0;0;0;0;0;0;0
D:\10_GitHub\Agroscope\data\00_all\images\img_1493.png;881;180;614;355;628;212;606;644;169;382;397;208;0;0;0;0;0;0;0;0;0;0;0;0
D:\10_GitHub\Agroscope\data\00_all\images\img_1494.png;602;153;663;643;0;0;0;0;0;0;0;0;0;0;0;0;0;0;0;0;0;0;0;0
D:\10_GitHub\Agroscope\data\00_all\images\img_1495.png;355;70;790;757;0;0;0;0;0;0;0;0;0;0;0;0;0;0;0;0;0;0;0;0
D:\10_GitHub\Agroscope\data\00_all\images\img_1496.png;214;474;1286;430;1;273;604;639;203;517;557;356;0;0;0;0;0;0;0;0;0;0;0;0
D:\10_GitHub\Agroscope\data\00_all\images\img_1497.png;535;1121;362;679;1;191;611;367;338;346;211;293;0;0;0;0;0;0;0;0;0;0;0;0
D:\10_GitHub\Agroscope\data\00_all\images\img_1498.png;635;54;550;712;0;0;0;0;0;0;0;0;0;0;0;0;0;0;0;0;0;0;0;0
D:\10_GitHub\Agroscope\data\00_all\images\img_1499.png;1;1021;1137;401;461;6;298;140;342;516;400;654;564;237;589;666;0;0;0;0;0;0;0;0
D:\10_GitHub\Agroscope\data\00_all\images\img_1500.png;543;1047;754;233;302;154;1;302;605;490;438;409;642;434;243;401;0;0;0;0;0;0;0;0
D:\10_GitHub\Agroscope\data\00_all\images\img_1501.png;499;301;386;573;0;0;0;0;0;0;0;0;0;0;0;0;0;0;0;0;0;0;0;0
D:\10_GitHub\Agroscope\data\00_all\images\img_1502.png;686;19;838;562;400;565;5;1;371;503;441;284;371;421;385;401;0;0;0;0;0;0;0;0
D:\10_GitHub\Agroscope\data\00_all\images\img_1503.png;431;692;2;154;239;624;288;329;462;312;389;401;0;0;0;0;0;0;0;0;0;0;0;0
D:\10_GitHub\Agroscope\data\00_all\images\img_1504.png;578;256;518;258;0;0;0;0;0;0;0;0;0;0;0;0;0;0;0;0;0;0;0;0
D:\10_GitHub\Agroscope\data\00_all\images\img_1505.png;144;882;60;386;615;356;717;308;0;0;0;0;0;0;0;0;0;0;0;0;0;0;0;0
D:\10_GitHub\Agroscope\data\00_all\images\img_1506.png;592;198;235;259;0;0;0;0;0;0;0;0;0;0;0;0;0;0;0;0;0;0;0;0
